Mtl,AKA,Name,Editor,Date,https://app.innergy.com/#/projects/2a7c8b88-a32a-4982-a7c8-4699c54e635c,
"SS","SS1","Corian Lava Rock","Martin Maestas","03-15-2024",
"PLAM","PL1","For 912-AM Storm","Martin Maestas","03-15-2024",
"Sink","S-1","Elkay ELUH281610BG (Kitchen)","Bonnie Marcinko","03-03-2025",
"Faucet","F-1","Delta 9191T-AR-PR-DST","Bonnie Marcinko","03-03-2025",
"Sink","S-2","Elkay ELUHAD121255PD (Training) ","Bonnie Marcinko","03-03-2025",
"Faucet","F-2","Delta 9191T-AR-PR-DST","Bonnie Marcinko","03-03-2025",
"Fridge","","Bosch 800 series 36"" wide","Bonnie Marcinko","03-03-2025",
"Stove","","Bosch 800 series 36"" wide","Bonnie Marcinko","03-03-2025",
"Venthood","","36"" wide","Bonnie Marcinko","03-03-2025",
"D/W","","Bosch 800 series (not ADA)","Bonnie Marcinko","03-03-2025",
"M/W","","GE Profile 24"" w (sits on counter)","Bonnie Marcinko","03-03-2025",
