Mtl,AKA,Name,Editor,Date,https://app.innergy.com/#/projects/5d52ba82-5adc-41ce-9882-5afb035655ae,
"SPECIFICATIONS","","","David Kane","8/12/2025",
"FINISHES","","","David Kane","8/12/2025",
"PLAM","PL1","FORMICA, 5795-NG, CAMEL ELM, 3MM EB","David Kane","8/12/2025",
"PLAM","PL2","FORMICA, 09283-NG, WALNUT RIFTWOOD","David Kane","8/12/2025",
"PLAM","PL3","FORMICA, 06698-58, PALOMA POLAR","David Kane","8/12/2025",
"PLAM","PL4","FORMICA, 918-58, NEUTRAL WHITE","David Kane","8/12/2025",
"SSM","SS1","MEGANITE, M601, HIMALAYA","David Kane","8/12/2025",
"SSM","SS2","MEGANITE, M031AR, ANTIQUE SHELL","David Kane","8/12/2025",
"SSM","SS3","LIVINGSTONE, L716, ROCK SALT","David Kane","8/12/2025",
"TOEKICKS","RB1","RUBBER BASE BY OTHERS","David Kane","8/12/2025",
"WOOD TRIM","WD1","WINDSOR, OAK CHESTNUT, SS5W12375","David Kane","8/12/2025",
"HARDWARE","","","David Kane","8/12/2025",
"BRACKETS","BK1","A&M 18X18 WORKSTATION BRACKETS","David Kane","8/12/2025",
"DOUBLE COMPARTMENT SINK","SK3","ELKAY LRAD-331955, STAINLESS DROP-IN, BY OTHERS","David Kane","8/12/2025",
"EXAM ROOM SINK","SK2","ELKAY PSR-1517, STAINLESS DROP-IN, BY OTHERS","David Kane","8/12/2025",
"HINGES","HW1","STANDARD","David Kane","8/12/2025",
"LAB ROOM SINK","SK1","ELKAY PSR-2219, STAINLESS DROP-IN, BY OTHERS","David Kane","8/12/2025",
"LOCKS","HW5","STANDARD","David Kane","8/12/2025",
"PULLS","CP1","HAFELE116.07.639 4"" O.C. WIRE PULL, BRUSHED","David Kane","8/12/2025",
"SLIDES","HW3","STANDARD","David Kane","8/12/2025",
"TRASH GROMMET","HW11","HAFELE 631.24.092 8"" GROMMET, ROUND TRASH RING","David Kane","8/12/2025",
"SINKS","","","David Kane","8/12/2025",
"APPLIANCES","","","David Kane","8/12/2025",
